record,mode,frame_idx,is_valid,reason
AnimeFantasyRPG_0_60,4_Difficult/4_Difficult_2/fps_30,0,True,
AnimeFantasyRPG_0_60,4_Difficult/4_Difficult_2/fps_30,1,True,
AnimeFantasyRPG_0_60,4_Difficult/4_Difficult_2/fps_30,2,True,
AnimeFantasyRPG_0_60,4_Difficult/4_Difficult_2/fps_30,3,True,
AnimeFantasyRPG_0_60,4_Difficult/4_Difficult_2/fps_30,4,True,
AnimeFantasyRPG_0_60,4_Difficult/4_Difficult_2/fps_30,5,True,
AnimeFantasyRPG_0_60,4_Difficult/4_Difficult_2/fps_30,6,True,
AnimeFantasyRPG_0_60,4_Difficult/4_Difficult_2/fps_30,7,True,
AnimeFantasyRPG_0_60,4_Difficult/4_Difficult_2/fps_30,8,True,
AnimeFantasyRPG_0_60,4_Difficult/4_Difficult_2/fps_30,9,True,
AnimeFantasyRPG_0_60,4_Difficult/4_Difficult_2/fps_30,10,True,
AnimeFantasyRPG_0_60,4_Difficult/4_Difficult_2/fps_30,11,True,
AnimeFantasyRPG_0_60,4_Difficult/4_Difficult_2/fps_30,12,True,
AnimeFantasyRPG_0_60,4_Difficult/4_Difficult_2/fps_30,13,True,
AnimeFantasyRPG_0_60,4_Difficult/4_Difficult_2/fps_30,14,True,
AnimeFantasyRPG_0_60,4_Difficult/4_Difficult_2/fps_30,15,True,
AnimeFantasyRPG_0_60,4_Difficult/4_Difficult_2/fps_30,16,True,
AnimeFantasyRPG_0_60,4_Difficult/4_Difficult_2/fps_30,17,True,
AnimeFantasyRPG_0_60,4_Difficult/4_Difficult_2/fps_30,18,True,
AnimeFantasyRPG_0_60,4_Difficult/4_Difficult_2/fps_30,19,True,
AnimeFantasyRPG_0_60,4_Difficult/4_Difficult_2/fps_30,20,True,
AnimeFantasyRPG_0_60,4_Difficult/4_Difficult_2/fps_30,21,True,
AnimeFantasyRPG_0_60,4_Difficult/4_Difficult_2/fps_30,22,True,
AnimeFantasyRPG_0_60,4_Difficult/4_Difficult_2/fps_30,23,True,
AnimeFantasyRPG_0_60,4_Difficult/4_Difficult_2/fps_30,24,True,
AnimeFantasyRPG_0_60,4_Difficult/4_Difficult_2/fps_30,25,True,
AnimeFantasyRPG_0_60,4_Difficult/4_Difficult_2/fps_30,26,True,
AnimeFantasyRPG_0_60,4_Difficult/4_Difficult_2/fps_30,27,True,
AnimeFantasyRPG_0_60,4_Difficult/4_Difficult_2/fps_30,28,True,
AnimeFantasyRPG_0_60,4_Difficult/4_Difficult_2/fps_30,29,True,
AnimeFantasyRPG_0_60,4_Difficult/4_Difficult_2/fps_30,30,True,
AnimeFantasyRPG_0_60,4_Difficult/4_Difficult_2/fps_30,31,True,
AnimeFantasyRPG_0_60,4_Difficult/4_Difficult_2/fps_30,32,True,
AnimeFantasyRPG_0_60,4_Difficult/4_Difficult_2/fps_30,33,True,
AnimeFantasyRPG_0_60,4_Difficult/4_Difficult_2/fps_30,34,True,
AnimeFantasyRPG_0_60,4_Difficult/4_Difficult_2/fps_30,35,True,
AnimeFantasyRPG_0_60,4_Difficult/4_Difficult_2/fps_30,36,True,
AnimeFantasyRPG_0_60,4_Difficult/4_Difficult_2/fps_30,37,True,
AnimeFantasyRPG_0_60,4_Difficult/4_Difficult_2/fps_30,38,True,
AnimeFantasyRPG_0_60,4_Difficult/4_Difficult_2/fps_30,39,True,
AnimeFantasyRPG_0_60,4_Difficult/4_Difficult_2/fps_30,40,True,
AnimeFantasyRPG_0_60,4_Difficult/4_Difficult_2/fps_30,41,True,
AnimeFantasyRPG_0_60,4_Difficult/4_Difficult_2/fps_30,42,True,
AnimeFantasyRPG_0_60,4_Difficult/4_Difficult_2/fps_30,43,True,
AnimeFantasyRPG_0_60,4_Difficult/4_Difficult_2/fps_30,44,True,
AnimeFantasyRPG_0_60,4_Difficult/4_Difficult_2/fps_30,45,True,
AnimeFantasyRPG_0_60,4_Difficult/4_Difficult_2/fps_30,46,True,
AnimeFantasyRPG_0_60,4_Difficult/4_Difficult_2/fps_30,47,True,
AnimeFantasyRPG_0_60,4_Difficult/4_Difficult_2/fps_30,48,True,
AnimeFantasyRPG_0_60,4_Difficult/4_Difficult_2/fps_30,49,True,
AnimeFantasyRPG_0_60,4_Difficult/4_Difficult_2/fps_30,50,True,
AnimeFantasyRPG_0_60,4_Difficult/4_Difficult_2/fps_30,51,True,
AnimeFantasyRPG_0_60,4_Difficult/4_Difficult_2/fps_30,52,True,
AnimeFantasyRPG_0_60,4_Difficult/4_Difficult_2/fps_30,53,True,
AnimeFantasyRPG_0_60,4_Difficult/4_Difficult_2/fps_30,54,True,
AnimeFantasyRPG_0_60,4_Difficult/4_Difficult_2/fps_30,55,True,
AnimeFantasyRPG_0_60,4_Difficult/4_Difficult_2/fps_30,56,True,
AnimeFantasyRPG_0_60,4_Difficult/4_Difficult_2/fps_30,57,True,
AnimeFantasyRPG_0_60,4_Difficult/4_Difficult_2/fps_30,58,True,
AnimeFantasyRPG_0_60,4_Difficult/4_Difficult_2/fps_30,59,True,
AnimeFantasyRPG_0_60,4_Difficult/4_Difficult_2/fps_30,60,True,
AnimeFantasyRPG_0_60,4_Difficult/4_Difficult_2/fps_30,61,True,
AnimeFantasyRPG_0_60,4_Difficult/4_Difficult_2/fps_30,62,True,
AnimeFantasyRPG_0_60,4_Difficult/4_Difficult_2/fps_30,63,True,
AnimeFantasyRPG_0_60,4_Difficult/4_Difficult_2/fps_30,64,True,
AnimeFantasyRPG_0_60,4_Difficult/4_Difficult_2/fps_30,65,True,
AnimeFantasyRPG_0_60,4_Difficult/4_Difficult_2/fps_30,66,True,
AnimeFantasyRPG_0_60,4_Difficult/4_Difficult_2/fps_30,67,True,
AnimeFantasyRPG_0_60,4_Difficult/4_Difficult_2/fps_30,68,True,
AnimeFantasyRPG_0_60,4_Difficult/4_Difficult_2/fps_30,69,True,
AnimeFantasyRPG_0_60,4_Difficult/4_Difficult_2/fps_30,70,True,
AnimeFantasyRPG_0_60,4_Difficult/4_Difficult_2/fps_30,71,True,
AnimeFantasyRPG_0_60,4_Difficult/4_Difficult_2/fps_30,72,True,
AnimeFantasyRPG_0_60,4_Difficult/4_Difficult_2/fps_30,73,True,
AnimeFantasyRPG_0_60,4_Difficult/4_Difficult_2/fps_30,74,True,
AnimeFantasyRPG_0_60,4_Difficult/4_Difficult_2/fps_30,75,True,
AnimeFantasyRPG_0_60,4_Difficult/4_Difficult_2/fps_30,76,True,
AnimeFantasyRPG_0_60,4_Difficult/4_Difficult_2/fps_30,77,True,
AnimeFantasyRPG_0_60,4_Difficult/4_Difficult_2/fps_30,78,True,
AnimeFantasyRPG_0_60,4_Difficult/4_Difficult_2/fps_30,79,True,
AnimeFantasyRPG_0_60,4_Difficult/4_Difficult_2/fps_30,80,True,
AnimeFantasyRPG_0_60,4_Difficult/4_Difficult_2/fps_30,81,True,
AnimeFantasyRPG_0_60,4_Difficult/4_Difficult_2/fps_30,82,True,
AnimeFantasyRPG_0_60,4_Difficult/4_Difficult_2/fps_30,83,True,
AnimeFantasyRPG_0_60,4_Difficult/4_Difficult_2/fps_30,84,True,
AnimeFantasyRPG_0_60,4_Difficult/4_Difficult_2/fps_30,85,True,
AnimeFantasyRPG_0_60,4_Difficult/4_Difficult_2/fps_30,86,True,
AnimeFantasyRPG_0_60,4_Difficult/4_Difficult_2/fps_30,87,True,
AnimeFantasyRPG_0_60,4_Difficult/4_Difficult_2/fps_30,88,True,
AnimeFantasyRPG_0_60,4_Difficult/4_Difficult_2/fps_30,89,True,
AnimeFantasyRPG_0_60,4_Difficult/4_Difficult_2/fps_30,90,True,
AnimeFantasyRPG_0_60,4_Difficult/4_Difficult_2/fps_30,91,True,
AnimeFantasyRPG_0_60,4_Difficult/4_Difficult_2/fps_30,92,True,
AnimeFantasyRPG_0_60,4_Difficult/4_Difficult_2/fps_30,93,True,
AnimeFantasyRPG_0_60,4_Difficult/4_Difficult_2/fps_30,94,True,
AnimeFantasyRPG_0_60,4_Difficult/4_Difficult_2/fps_30,95,True,
AnimeFantasyRPG_0_60,4_Difficult/4_Difficult_2/fps_30,96,True,
AnimeFantasyRPG_0_60,4_Difficult/4_Difficult_2/fps_30,97,True,
AnimeFantasyRPG_0_60,4_Difficult/4_Difficult_2/fps_30,98,True,
AnimeFantasyRPG_0_60,4_Difficult/4_Difficult_2/fps_30,99,True,
AnimeFantasyRPG_0_60,4_Difficult/4_Difficult_2/fps_30,100,True,
AnimeFantasyRPG_0_60,4_Difficult/4_Difficult_2/fps_30,101,True,
AnimeFantasyRPG_0_60,4_Difficult/4_Difficult_2/fps_30,102,True,
AnimeFantasyRPG_0_60,4_Difficult/4_Difficult_2/fps_30,103,True,
AnimeFantasyRPG_0_60,4_Difficult/4_Difficult_2/fps_30,104,True,
AnimeFantasyRPG_0_60,4_Difficult/4_Difficult_2/fps_30,105,True,
AnimeFantasyRPG_0_60,4_Difficult/4_Difficult_2/fps_30,106,True,
AnimeFantasyRPG_0_60,4_Difficult/4_Difficult_2/fps_30,107,True,
AnimeFantasyRPG_0_60,4_Difficult/4_Difficult_2/fps_30,108,True,
AnimeFantasyRPG_0_60,4_Difficult/4_Difficult_2/fps_30,109,True,
AnimeFantasyRPG_0_60,4_Difficult/4_Difficult_2/fps_30,110,True,
AnimeFantasyRPG_0_60,4_Difficult/4_Difficult_2/fps_30,111,True,
AnimeFantasyRPG_0_60,4_Difficult/4_Difficult_2/fps_30,112,True,
AnimeFantasyRPG_0_60,4_Difficult/4_Difficult_2/fps_30,113,True,
AnimeFantasyRPG_0_60,4_Difficult/4_Difficult_2/fps_30,114,True,
AnimeFantasyRPG_0_60,4_Difficult/4_Difficult_2/fps_30,115,True,
AnimeFantasyRPG_0_60,4_Difficult/4_Difficult_2/fps_30,116,True,
AnimeFantasyRPG_0_60,4_Difficult/4_Difficult_2/fps_30,117,True,
AnimeFantasyRPG_0_60,4_Difficult/4_Difficult_2/fps_30,118,True,
AnimeFantasyRPG_0_60,4_Difficult/4_Difficult_2/fps_30,119,True,
AnimeFantasyRPG_0_60,4_Difficult/4_Difficult_2/fps_30,120,True,
AnimeFantasyRPG_0_60,4_Difficult/4_Difficult_2/fps_30,121,True,
AnimeFantasyRPG_0_60,4_Difficult/4_Difficult_2/fps_30,122,True,
AnimeFantasyRPG_0_60,4_Difficult/4_Difficult_2/fps_30,123,True,
AnimeFantasyRPG_0_60,4_Difficult/4_Difficult_2/fps_30,124,True,
AnimeFantasyRPG_0_60,4_Difficult/4_Difficult_2/fps_30,125,True,
AnimeFantasyRPG_0_60,4_Difficult/4_Difficult_2/fps_30,126,True,
AnimeFantasyRPG_0_60,4_Difficult/4_Difficult_2/fps_30,127,True,
AnimeFantasyRPG_0_60,4_Difficult/4_Difficult_2/fps_30,128,True,
AnimeFantasyRPG_0_60,4_Difficult/4_Difficult_2/fps_30,129,True,
AnimeFantasyRPG_0_60,4_Difficult/4_Difficult_2/fps_30,130,True,
AnimeFantasyRPG_0_60,4_Difficult/4_Difficult_2/fps_30,131,True,
AnimeFantasyRPG_0_60,4_Difficult/4_Difficult_2/fps_30,132,True,
AnimeFantasyRPG_0_60,4_Difficult/4_Difficult_2/fps_30,133,True,
AnimeFantasyRPG_0_60,4_Difficult/4_Difficult_2/fps_30,134,True,
AnimeFantasyRPG_0_60,4_Difficult/4_Difficult_2/fps_30,135,True,
AnimeFantasyRPG_0_60,4_Difficult/4_Difficult_2/fps_30,136,True,
AnimeFantasyRPG_0_60,4_Difficult/4_Difficult_2/fps_30,137,True,
AnimeFantasyRPG_0_60,4_Difficult/4_Difficult_2/fps_30,138,True,
AnimeFantasyRPG_0_60,4_Difficult/4_Difficult_2/fps_30,139,True,
AnimeFantasyRPG_0_60,4_Difficult/4_Difficult_2/fps_30,140,True,
AnimeFantasyRPG_0_60,4_Difficult/4_Difficult_2/fps_30,141,True,
AnimeFantasyRPG_0_60,4_Difficult/4_Difficult_2/fps_30,142,True,
AnimeFantasyRPG_0_60,4_Difficult/4_Difficult_2/fps_30,143,True,
AnimeFantasyRPG_0_60,4_Difficult/4_Difficult_2/fps_30,144,True,
AnimeFantasyRPG_0_60,4_Difficult/4_Difficult_2/fps_30,145,True,
AnimeFantasyRPG_0_60,4_Difficult/4_Difficult_2/fps_30,146,True,
AnimeFantasyRPG_0_60,4_Difficult/4_Difficult_2/fps_30,147,True,
AnimeFantasyRPG_0_60,4_Difficult/4_Difficult_2/fps_30,148,True,
AnimeFantasyRPG_0_60,4_Difficult/4_Difficult_2/fps_30,149,True,
AnimeFantasyRPG_0_60,4_Difficult/4_Difficult_2/fps_30,150,True,
AnimeFantasyRPG_0_60,4_Difficult/4_Difficult_2/fps_30,151,True,
AnimeFantasyRPG_0_60,4_Difficult/4_Difficult_2/fps_30,152,True,
AnimeFantasyRPG_0_60,4_Difficult/4_Difficult_2/fps_30,153,True,
AnimeFantasyRPG_0_60,4_Difficult/4_Difficult_2/fps_30,154,True,
AnimeFantasyRPG_0_60,4_Difficult/4_Difficult_2/fps_30,155,True,
AnimeFantasyRPG_0_60,4_Difficult/4_Difficult_2/fps_30,156,True,
AnimeFantasyRPG_0_60,4_Difficult/4_Difficult_2/fps_30,157,True,
AnimeFantasyRPG_0_60,4_Difficult/4_Difficult_2/fps_30,158,True,
AnimeFantasyRPG_0_60,4_Difficult/4_Difficult_2/fps_30,159,True,
AnimeFantasyRPG_0_60,4_Difficult/4_Difficult_2/fps_30,160,True,
AnimeFantasyRPG_0_60,4_Difficult/4_Difficult_2/fps_30,161,True,
AnimeFantasyRPG_0_60,4_Difficult/4_Difficult_2/fps_30,162,True,
AnimeFantasyRPG_0_60,4_Difficult/4_Difficult_2/fps_30,163,True,
AnimeFantasyRPG_0_60,4_Difficult/4_Difficult_2/fps_30,164,True,
AnimeFantasyRPG_0_60,4_Difficult/4_Difficult_2/fps_30,165,True,
AnimeFantasyRPG_0_60,4_Difficult/4_Difficult_2/fps_30,166,True,
AnimeFantasyRPG_0_60,4_Difficult/4_Difficult_2/fps_30,167,True,
AnimeFantasyRPG_0_60,4_Difficult/4_Difficult_2/fps_30,168,True,
AnimeFantasyRPG_0_60,4_Difficult/4_Difficult_2/fps_30,169,True,
AnimeFantasyRPG_0_60,4_Difficult/4_Difficult_2/fps_30,170,True,
AnimeFantasyRPG_0_60,4_Difficult/4_Difficult_2/fps_30,171,True,
AnimeFantasyRPG_0_60,4_Difficult/4_Difficult_2/fps_30,172,True,
AnimeFantasyRPG_0_60,4_Difficult/4_Difficult_2/fps_30,173,True,
AnimeFantasyRPG_0_60,4_Difficult/4_Difficult_2/fps_30,174,True,
AnimeFantasyRPG_0_60,4_Difficult/4_Difficult_2/fps_30,175,True,
AnimeFantasyRPG_0_60,4_Difficult/4_Difficult_2/fps_30,176,True,
AnimeFantasyRPG_0_60,4_Difficult/4_Difficult_2/fps_30,177,True,
AnimeFantasyRPG_0_60,4_Difficult/4_Difficult_2/fps_30,178,True,
AnimeFantasyRPG_0_60,4_Difficult/4_Difficult_2/fps_30,179,True,
AnimeFantasyRPG_0_60,4_Difficult/4_Difficult_2/fps_30,180,True,
AnimeFantasyRPG_0_60,4_Difficult/4_Difficult_2/fps_30,181,True,
AnimeFantasyRPG_0_60,4_Difficult/4_Difficult_2/fps_30,182,True,
AnimeFantasyRPG_0_60,4_Difficult/4_Difficult_2/fps_30,183,True,
AnimeFantasyRPG_0_60,4_Difficult/4_Difficult_2/fps_30,184,True,
AnimeFantasyRPG_0_60,4_Difficult/4_Difficult_2/fps_30,185,True,
AnimeFantasyRPG_0_60,4_Difficult/4_Difficult_2/fps_30,186,True,
AnimeFantasyRPG_0_60,4_Difficult/4_Difficult_2/fps_30,187,True,
AnimeFantasyRPG_0_60,4_Difficult/4_Difficult_2/fps_30,188,True,
AnimeFantasyRPG_0_60,4_Difficult/4_Difficult_2/fps_30,189,True,
AnimeFantasyRPG_0_60,4_Difficult/4_Difficult_2/fps_30,190,True,
AnimeFantasyRPG_0_60,4_Difficult/4_Difficult_2/fps_30,191,True,
AnimeFantasyRPG_0_60,4_Difficult/4_Difficult_2/fps_30,192,True,
AnimeFantasyRPG_0_60,4_Difficult/4_Difficult_2/fps_30,193,True,
AnimeFantasyRPG_0_60,4_Difficult/4_Difficult_2/fps_30,194,True,
AnimeFantasyRPG_0_60,4_Difficult/4_Difficult_2/fps_30,195,True,
AnimeFantasyRPG_0_60,4_Difficult/4_Difficult_2/fps_30,196,True,
AnimeFantasyRPG_0_60,4_Difficult/4_Difficult_2/fps_30,197,True,
AnimeFantasyRPG_0_60,4_Difficult/4_Difficult_2/fps_30,198,True,
AnimeFantasyRPG_0_60,4_Difficult/4_Difficult_2/fps_30,199,True,
AnimeFantasyRPG_0_60,4_Difficult/4_Difficult_2/fps_30,200,True,
AnimeFantasyRPG_0_60,4_Difficult/4_Difficult_2/fps_30,201,True,
AnimeFantasyRPG_0_60,4_Difficult/4_Difficult_2/fps_30,202,True,
AnimeFantasyRPG_0_60,4_Difficult/4_Difficult_2/fps_30,203,True,
AnimeFantasyRPG_0_60,4_Difficult/4_Difficult_2/fps_30,204,True,
AnimeFantasyRPG_0_60,4_Difficult/4_Difficult_2/fps_30,205,True,
AnimeFantasyRPG_0_60,4_Difficult/4_Difficult_2/fps_30,206,True,
AnimeFantasyRPG_0_60,4_Difficult/4_Difficult_2/fps_30,207,True,
AnimeFantasyRPG_0_60,4_Difficult/4_Difficult_2/fps_30,208,True,
AnimeFantasyRPG_0_60,4_Difficult/4_Difficult_2/fps_30,209,True,
AnimeFantasyRPG_0_60,4_Difficult/4_Difficult_2/fps_30,210,True,
AnimeFantasyRPG_0_60,4_Difficult/4_Difficult_2/fps_30,211,True,
AnimeFantasyRPG_0_60,4_Difficult/4_Difficult_2/fps_30,212,True,
AnimeFantasyRPG_0_60,4_Difficult/4_Difficult_2/fps_30,213,True,
AnimeFantasyRPG_0_60,4_Difficult/4_Difficult_2/fps_30,214,True,
AnimeFantasyRPG_0_60,4_Difficult/4_Difficult_2/fps_30,215,True,
AnimeFantasyRPG_0_60,4_Difficult/4_Difficult_2/fps_30,216,True,
AnimeFantasyRPG_0_60,4_Difficult/4_Difficult_2/fps_30,217,True,
AnimeFantasyRPG_0_60,4_Difficult/4_Difficult_2/fps_30,218,True,
AnimeFantasyRPG_0_60,4_Difficult/4_Difficult_2/fps_30,219,True,
AnimeFantasyRPG_0_60,4_Difficult/4_Difficult_2/fps_30,220,True,
AnimeFantasyRPG_0_60,4_Difficult/4_Difficult_2/fps_30,221,True,
AnimeFantasyRPG_0_60,4_Difficult/4_Difficult_2/fps_30,222,True,
AnimeFantasyRPG_0_60,4_Difficult/4_Difficult_2/fps_30,223,True,
AnimeFantasyRPG_0_60,4_Difficult/4_Difficult_2/fps_30,224,True,
AnimeFantasyRPG_0_60,4_Difficult/4_Difficult_2/fps_30,225,True,
AnimeFantasyRPG_0_60,4_Difficult/4_Difficult_2/fps_30,226,True,
AnimeFantasyRPG_0_60,4_Difficult/4_Difficult_2/fps_30,227,True,
AnimeFantasyRPG_0_60,4_Difficult/4_Difficult_2/fps_30,228,True,
AnimeFantasyRPG_0_60,4_Difficult/4_Difficult_2/fps_30,229,True,
AnimeFantasyRPG_0_60,4_Difficult/4_Difficult_2/fps_30,230,True,
AnimeFantasyRPG_0_60,4_Difficult/4_Difficult_2/fps_30,231,True,
AnimeFantasyRPG_0_60,4_Difficult/4_Difficult_2/fps_30,232,True,
AnimeFantasyRPG_0_60,4_Difficult/4_Difficult_2/fps_30,233,True,
AnimeFantasyRPG_0_60,4_Difficult/4_Difficult_2/fps_30,234,True,
AnimeFantasyRPG_0_60,4_Difficult/4_Difficult_2/fps_30,235,True,
AnimeFantasyRPG_0_60,4_Difficult/4_Difficult_2/fps_30,236,True,
AnimeFantasyRPG_0_60,4_Difficult/4_Difficult_2/fps_30,237,True,
AnimeFantasyRPG_0_60,4_Difficult/4_Difficult_2/fps_30,238,True,
AnimeFantasyRPG_0_60,4_Difficult/4_Difficult_2/fps_30,239,True,
AnimeFantasyRPG_0_60,4_Difficult/4_Difficult_2/fps_30,240,True,
AnimeFantasyRPG_0_60,4_Difficult/4_Difficult_2/fps_30,241,True,
AnimeFantasyRPG_0_60,4_Difficult/4_Difficult_2/fps_30,242,True,
AnimeFantasyRPG_0_60,4_Difficult/4_Difficult_2/fps_30,243,True,
AnimeFantasyRPG_0_60,4_Difficult/4_Difficult_2/fps_30,244,True,
AnimeFantasyRPG_0_60,4_Difficult/4_Difficult_2/fps_30,245,True,
AnimeFantasyRPG_0_60,4_Difficult/4_Difficult_2/fps_30,246,True,
AnimeFantasyRPG_0_60,4_Difficult/4_Difficult_2/fps_30,247,True,
AnimeFantasyRPG_0_60,4_Difficult/4_Difficult_2/fps_30,248,True,
AnimeFantasyRPG_0_60,4_Difficult/4_Difficult_2/fps_30,249,True,
AnimeFantasyRPG_0_60,4_Difficult/4_Difficult_2/fps_30,250,True,
AnimeFantasyRPG_0_60,4_Difficult/4_Difficult_2/fps_30,251,True,
AnimeFantasyRPG_0_60,4_Difficult/4_Difficult_2/fps_30,252,True,
AnimeFantasyRPG_0_60,4_Difficult/4_Difficult_2/fps_30,253,True,
AnimeFantasyRPG_0_60,4_Difficult/4_Difficult_2/fps_30,254,True,
AnimeFantasyRPG_0_60,4_Difficult/4_Difficult_2/fps_30,255,True,
AnimeFantasyRPG_0_60,4_Difficult/4_Difficult_2/fps_30,256,True,
AnimeFantasyRPG_0_60,4_Difficult/4_Difficult_2/fps_30,257,True,
AnimeFantasyRPG_0_60,4_Difficult/4_Difficult_2/fps_30,258,True,
AnimeFantasyRPG_0_60,4_Difficult/4_Difficult_2/fps_30,259,True,
AnimeFantasyRPG_0_60,4_Difficult/4_Difficult_2/fps_30,260,True,
AnimeFantasyRPG_0_60,4_Difficult/4_Difficult_2/fps_30,261,True,
AnimeFantasyRPG_0_60,4_Difficult/4_Difficult_2/fps_30,262,True,
AnimeFantasyRPG_0_60,4_Difficult/4_Difficult_2/fps_30,263,True,
AnimeFantasyRPG_0_60,4_Difficult/4_Difficult_2/fps_30,264,True,
AnimeFantasyRPG_0_60,4_Difficult/4_Difficult_2/fps_30,265,True,
AnimeFantasyRPG_0_60,4_Difficult/4_Difficult_2/fps_30,266,True,
AnimeFantasyRPG_0_60,4_Difficult/4_Difficult_2/fps_30,267,True,
AnimeFantasyRPG_0_60,4_Difficult/4_Difficult_2/fps_30,268,True,
AnimeFantasyRPG_0_60,4_Difficult/4_Difficult_2/fps_30,269,True,
AnimeFantasyRPG_0_60,4_Difficult/4_Difficult_2/fps_30,270,True,
AnimeFantasyRPG_0_60,4_Difficult/4_Difficult_2/fps_30,271,True,
AnimeFantasyRPG_0_60,4_Difficult/4_Difficult_2/fps_30,272,True,
AnimeFantasyRPG_0_60,4_Difficult/4_Difficult_2/fps_30,273,True,
AnimeFantasyRPG_0_60,4_Difficult/4_Difficult_2/fps_30,274,True,
AnimeFantasyRPG_0_60,4_Difficult/4_Difficult_2/fps_30,275,True,
AnimeFantasyRPG_0_60,4_Difficult/4_Difficult_2/fps_30,276,True,
AnimeFantasyRPG_0_60,4_Difficult/4_Difficult_2/fps_30,277,True,
AnimeFantasyRPG_0_60,4_Difficult/4_Difficult_2/fps_30,278,True,
AnimeFantasyRPG_0_60,4_Difficult/4_Difficult_2/fps_30,279,True,
AnimeFantasyRPG_0_60,4_Difficult/4_Difficult_2/fps_30,280,True,
AnimeFantasyRPG_0_60,4_Difficult/4_Difficult_2/fps_30,281,True,
AnimeFantasyRPG_0_60,4_Difficult/4_Difficult_2/fps_30,282,True,
AnimeFantasyRPG_0_60,4_Difficult/4_Difficult_2/fps_30,283,True,
AnimeFantasyRPG_0_60,4_Difficult/4_Difficult_2/fps_30,284,True,
AnimeFantasyRPG_0_60,4_Difficult/4_Difficult_2/fps_30,285,True,
AnimeFantasyRPG_0_60,4_Difficult/4_Difficult_2/fps_30,286,True,
AnimeFantasyRPG_0_60,4_Difficult/4_Difficult_2/fps_30,287,True,
AnimeFantasyRPG_0_60,4_Difficult/4_Difficult_2/fps_30,288,True,
AnimeFantasyRPG_0_60,4_Difficult/4_Difficult_2/fps_30,289,True,
AnimeFantasyRPG_0_60,4_Difficult/4_Difficult_2/fps_30,290,True,
AnimeFantasyRPG_0_60,4_Difficult/4_Difficult_2/fps_30,291,True,
AnimeFantasyRPG_0_60,4_Difficult/4_Difficult_2/fps_30,292,True,
AnimeFantasyRPG_0_60,4_Difficult/4_Difficult_2/fps_30,293,True,
AnimeFantasyRPG_0_60,4_Difficult/4_Difficult_2/fps_30,294,True,
AnimeFantasyRPG_0_60,4_Difficult/4_Difficult_2/fps_30,295,True,
AnimeFantasyRPG_0_60,4_Difficult/4_Difficult_2/fps_30,296,True,
AnimeFantasyRPG_0_60,4_Difficult/4_Difficult_2/fps_30,297,True,
AnimeFantasyRPG_0_60,4_Difficult/4_Difficult_2/fps_30,298,True,
AnimeFantasyRPG_0_60,4_Difficult/4_Difficult_2/fps_30,299,True,
AnimeFantasyRPG_0_60,4_Difficult/4_Difficult_2/fps_30,300,True,
AnimeFantasyRPG_0_60,4_Difficult/4_Difficult_2/fps_30,301,True,
AnimeFantasyRPG_0_60,4_Difficult/4_Difficult_2/fps_30,302,True,
AnimeFantasyRPG_0_60,4_Difficult/4_Difficult_2/fps_30,303,True,
AnimeFantasyRPG_0_60,4_Difficult/4_Difficult_2/fps_30,304,True,
AnimeFantasyRPG_0_60,4_Difficult/4_Difficult_2/fps_30,305,True,
AnimeFantasyRPG_0_60,4_Difficult/4_Difficult_2/fps_30,306,True,
AnimeFantasyRPG_0_60,4_Difficult/4_Difficult_2/fps_30,307,True,
AnimeFantasyRPG_0_60,4_Difficult/4_Difficult_2/fps_30,308,True,
AnimeFantasyRPG_0_60,4_Difficult/4_Difficult_2/fps_30,309,True,
AnimeFantasyRPG_0_60,4_Difficult/4_Difficult_2/fps_30,310,True,
AnimeFantasyRPG_0_60,4_Difficult/4_Difficult_2/fps_30,311,True,
AnimeFantasyRPG_0_60,4_Difficult/4_Difficult_2/fps_30,312,True,
AnimeFantasyRPG_0_60,4_Difficult/4_Difficult_2/fps_30,313,True,
AnimeFantasyRPG_0_60,4_Difficult/4_Difficult_2/fps_30,314,True,
AnimeFantasyRPG_0_60,4_Difficult/4_Difficult_2/fps_30,315,True,
AnimeFantasyRPG_0_60,4_Difficult/4_Difficult_2/fps_30,316,True,
AnimeFantasyRPG_0_60,4_Difficult/4_Difficult_2/fps_30,317,True,
AnimeFantasyRPG_0_60,4_Difficult/4_Difficult_2/fps_30,318,True,
AnimeFantasyRPG_0_60,4_Difficult/4_Difficult_2/fps_30,319,True,
AnimeFantasyRPG_0_60,4_Difficult/4_Difficult_2/fps_30,320,True,
AnimeFantasyRPG_0_60,4_Difficult/4_Difficult_2/fps_30,321,True,
AnimeFantasyRPG_0_60,4_Difficult/4_Difficult_2/fps_30,322,True,
AnimeFantasyRPG_0_60,4_Difficult/4_Difficult_2/fps_30,323,True,
AnimeFantasyRPG_0_60,4_Difficult/4_Difficult_2/fps_30,324,True,
AnimeFantasyRPG_0_60,4_Difficult/4_Difficult_2/fps_30,325,True,
AnimeFantasyRPG_0_60,4_Difficult/4_Difficult_2/fps_30,326,True,
AnimeFantasyRPG_0_60,4_Difficult/4_Difficult_2/fps_30,327,True,
AnimeFantasyRPG_0_60,4_Difficult/4_Difficult_2/fps_30,328,True,
AnimeFantasyRPG_0_60,4_Difficult/4_Difficult_2/fps_30,329,True,
AnimeFantasyRPG_0_60,4_Difficult/4_Difficult_2/fps_30,330,True,
AnimeFantasyRPG_0_60,4_Difficult/4_Difficult_2/fps_30,331,True,
AnimeFantasyRPG_0_60,4_Difficult/4_Difficult_2/fps_30,332,True,
AnimeFantasyRPG_0_60,4_Difficult/4_Difficult_2/fps_30,333,True,
AnimeFantasyRPG_0_60,4_Difficult/4_Difficult_2/fps_30,334,True,
AnimeFantasyRPG_0_60,4_Difficult/4_Difficult_2/fps_30,335,True,
AnimeFantasyRPG_0_60,4_Difficult/4_Difficult_2/fps_30,336,True,
AnimeFantasyRPG_0_60,4_Difficult/4_Difficult_2/fps_30,337,True,
AnimeFantasyRPG_0_60,4_Difficult/4_Difficult_2/fps_30,338,True,
AnimeFantasyRPG_0_60,4_Difficult/4_Difficult_2/fps_30,339,True,
AnimeFantasyRPG_0_60,4_Difficult/4_Difficult_2/fps_30,340,True,
AnimeFantasyRPG_0_60,4_Difficult/4_Difficult_2/fps_30,341,True,
AnimeFantasyRPG_0_60,4_Difficult/4_Difficult_2/fps_30,342,True,
AnimeFantasyRPG_0_60,4_Difficult/4_Difficult_2/fps_30,343,True,
AnimeFantasyRPG_0_60,4_Difficult/4_Difficult_2/fps_30,344,True,
AnimeFantasyRPG_0_60,4_Difficult/4_Difficult_2/fps_30,345,True,
AnimeFantasyRPG_0_60,4_Difficult/4_Difficult_2/fps_30,346,True,
AnimeFantasyRPG_0_60,4_Difficult/4_Difficult_2/fps_30,347,True,
AnimeFantasyRPG_0_60,4_Difficult/4_Difficult_2/fps_30,348,True,
AnimeFantasyRPG_0_60,4_Difficult/4_Difficult_2/fps_30,349,True,
AnimeFantasyRPG_0_60,4_Difficult/4_Difficult_2/fps_30,350,True,
AnimeFantasyRPG_0_60,4_Difficult/4_Difficult_2/fps_30,351,True,
AnimeFantasyRPG_0_60,4_Difficult/4_Difficult_2/fps_30,352,True,
AnimeFantasyRPG_0_60,4_Difficult/4_Difficult_2/fps_30,353,True,
AnimeFantasyRPG_0_60,4_Difficult/4_Difficult_2/fps_30,354,True,
AnimeFantasyRPG_0_60,4_Difficult/4_Difficult_2/fps_30,355,True,
AnimeFantasyRPG_0_60,4_Difficult/4_Difficult_2/fps_30,356,True,
AnimeFantasyRPG_0_60,4_Difficult/4_Difficult_2/fps_30,357,True,
AnimeFantasyRPG_0_60,4_Difficult/4_Difficult_2/fps_30,358,True,
AnimeFantasyRPG_0_60,4_Difficult/4_Difficult_2/fps_30,359,True,
AnimeFantasyRPG_0_60,4_Difficult/4_Difficult_2/fps_30,360,True,
AnimeFantasyRPG_0_60,4_Difficult/4_Difficult_2/fps_30,361,True,
AnimeFantasyRPG_0_60,4_Difficult/4_Difficult_2/fps_30,362,True,
AnimeFantasyRPG_0_60,4_Difficult/4_Difficult_2/fps_30,363,True,
AnimeFantasyRPG_0_60,4_Difficult/4_Difficult_2/fps_30,364,True,
AnimeFantasyRPG_0_60,4_Difficult/4_Difficult_2/fps_30,365,True,
AnimeFantasyRPG_0_60,4_Difficult/4_Difficult_2/fps_30,366,True,
AnimeFantasyRPG_0_60,4_Difficult/4_Difficult_2/fps_30,367,True,
AnimeFantasyRPG_0_60,4_Difficult/4_Difficult_2/fps_30,368,True,
AnimeFantasyRPG_0_60,4_Difficult/4_Difficult_2/fps_30,369,True,
AnimeFantasyRPG_0_60,4_Difficult/4_Difficult_2/fps_30,370,True,
AnimeFantasyRPG_0_60,4_Difficult/4_Difficult_2/fps_30,371,True,
AnimeFantasyRPG_0_60,4_Difficult/4_Difficult_2/fps_30,372,True,
AnimeFantasyRPG_0_60,4_Difficult/4_Difficult_2/fps_30,373,True,
AnimeFantasyRPG_0_60,4_Difficult/4_Difficult_2/fps_30,374,True,
AnimeFantasyRPG_0_60,4_Difficult/4_Difficult_2/fps_30,375,True,
AnimeFantasyRPG_0_60,4_Difficult/4_Difficult_2/fps_30,376,True,
AnimeFantasyRPG_0_60,4_Difficult/4_Difficult_2/fps_30,377,True,
AnimeFantasyRPG_0_60,4_Difficult/4_Difficult_2/fps_30,378,True,
AnimeFantasyRPG_0_60,4_Difficult/4_Difficult_2/fps_30,379,True,
AnimeFantasyRPG_0_60,4_Difficult/4_Difficult_2/fps_30,380,True,
AnimeFantasyRPG_0_60,4_Difficult/4_Difficult_2/fps_30,381,True,
AnimeFantasyRPG_0_60,4_Difficult/4_Difficult_2/fps_30,382,True,
AnimeFantasyRPG_0_60,4_Difficult/4_Difficult_2/fps_30,383,True,
AnimeFantasyRPG_0_60,4_Difficult/4_Difficult_2/fps_30,384,True,
AnimeFantasyRPG_0_60,4_Difficult/4_Difficult_2/fps_30,385,True,
AnimeFantasyRPG_0_60,4_Difficult/4_Difficult_2/fps_30,386,True,
AnimeFantasyRPG_0_60,4_Difficult/4_Difficult_2/fps_30,387,True,
AnimeFantasyRPG_0_60,4_Difficult/4_Difficult_2/fps_30,388,True,
AnimeFantasyRPG_0_60,4_Difficult/4_Difficult_2/fps_30,389,True,
AnimeFantasyRPG_0_60,4_Difficult/4_Difficult_2/fps_30,390,True,
AnimeFantasyRPG_0_60,4_Difficult/4_Difficult_2/fps_30,391,True,
AnimeFantasyRPG_0_60,4_Difficult/4_Difficult_2/fps_30,392,True,
AnimeFantasyRPG_0_60,4_Difficult/4_Difficult_2/fps_30,393,True,
AnimeFantasyRPG_0_60,4_Difficult/4_Difficult_2/fps_30,394,True,
AnimeFantasyRPG_0_60,4_Difficult/4_Difficult_2/fps_30,395,True,
AnimeFantasyRPG_0_60,4_Difficult/4_Difficult_2/fps_30,396,True,
AnimeFantasyRPG_0_60,4_Difficult/4_Difficult_2/fps_30,397,True,
AnimeFantasyRPG_0_60,4_Difficult/4_Difficult_2/fps_30,398,True,
AnimeFantasyRPG_0_60,4_Difficult/4_Difficult_2/fps_30,399,True,
AnimeFantasyRPG_0_60,4_Difficult/4_Difficult_2/fps_30,400,True,
